id,params,acc,gen
net_2,2058,0.885200023651123,0
net_27,384,0.6845000386238098,1
net_57,416,0.7059000134468079,2
net_71,1180,0.8580000400543213,3
net_86,545,0.7361000180244446,4
net_106,808,0.8059000372886658,5
net_121,808,0.7993000149726868,6
net_148,704,0.7917000651359558,7
net_179,704,0.8016000390052795,8
net_182,704,0.7954000234603882,9
