id,params,acc
net_5,2184,0.8994000554084778
net_11,2184,0.8998000621795654
net_21,2184,0.9017000198364258
net_37,2285,0.9094000458717346
net_42,2285,0.9102000594139099
net_52,2285,0.9092000722885132
net_62,2285,0.9088000655174255
net_76,1743,0.900600016117096
net_82,1743,0.8973000645637512
net_95,1634,0.9034000635147095
net_102,1634,0.9029000401496887
net_110,1634,0.902400016784668
net_120,1634,0.9058000445365906
net_137,2417,0.9292000532150269
net_142,2417,0.9320000410079956
net_151,2417,0.9264000654220581
net_161,2417,0.928100049495697
net_171,2417,0.9321000576019287
net_181,2417,0.9264000654220581
net_191,2417,0.9285000562667847
net_206,1662,0.9021000266075134
net_212,1662,0.9040000438690186
net_228,1604,0.8998000621795654
net_235,2259,0.9231000542640686
net_245,1476,0.8959000706672668
net_253,1400,0.9136000275611877
net_260,1400,0.9167000651359558
net_270,1400,0.9113000631332397
net_280,1400,0.9188000559806824
net_290,1400,0.9111000299453735
net_300,1400,0.9117000699043274
net_310,1400,0.9111000299453735
net_320,1400,0.9167000651359558
net_330,1400,0.9155000448226929
net_340,1400,0.9167000651359558
net_350,1400,0.912600040435791
net_360,1400,0.9129000306129456
net_370,1400,0.9152000546455383
net_380,1400,0.9107000231742859
net_390,1400,0.9193000197410583
net_400,1400,0.9074000716209412
net_410,1400,0.9057000279426575
net_420,1400,0.9137000441551208
net_430,1400,0.9165000319480896
net_440,1400,0.9199000597000122
net_450,1400,0.9113000631332397
net_460,1400,0.9152000546455383
net_470,1400,0.9250000715255737
net_480,1400,0.9170000553131104
net_490,1400,0.9134000539779663
net_500,1400,0.9125000238418579
net_510,1400,0.9099000692367554
net_520,1400,0.913800060749054
net_530,1400,0.9165000319480896
net_540,1400,0.9190000295639038
net_550,1400,0.9208000302314758
net_560,1400,0.9137000441551208
net_570,1400,0.9173000454902649
net_580,1400,0.9158000349998474
net_594,1517,0.9214000701904297
