id,params,acc,gen
net_58,941,0.9015000462532043,0
net_192,1327,0.9283000230789185,1
net_202,1327,0.9277000427246094,2
net_344,1327,0.9258000254631042,3
