id,params,acc,gen
net_33,1117,0.9023000597953796,0
net_140,1104,0.9059000611305237,1
net_275,1260,0.9191000461578369,2
net_325,1188,0.9165000319480896,3
