id,params,acc,gen
net_95,552,0.8418000340461731,0
net_185,607,0.8710000514984131,1
