id,params,acc,gen
net_21,2631,0.9422000646591187,0
net_165,1797,0.9287000298500061,1
net_211,1797,0.9333000183105469,2
net_389,1937,0.9432000517845154,3
net_424,1755,0.9456000328063965,4
net_566,1755,0.9476000666618347,5
net_676,1755,0.9467000365257263,6
