id,params,acc,gen
net_42,1007,0.8778000473976135,0
net_149,872,0.9052000641822815,1
