id,params,acc,gen
net_73,1214,0.8854000568389893,0
net_162,668,0.8649000525474548,1
