id,fitness,mut
0,733138,0.1
2,721866,0.1
11,719660,0.15000000000000002
18,706758,0.2
49,697163,0.49999999999999994
78,662611,0.7500000000000001
