id,params,acc,gen
net_56,566,0.8189000487327576,0
net_104,622,0.8622000217437744,1
net_221,988,0.8701000213623047,2
net_384,533,0.860200047492981,3
